
<smartXplorerReport>
    <command>"C:\Xilinx\12.1\ISE_DS\ISE\bin\nt64\smartxplorer.exe" -p xc3s500e-fg320-5 -b -wd smartxplorer_results SDLXProcessor.ngd -host_list hostlistfile.txt -max_runs 7 -ra
    </command>
    <programStatus>Done
    </programStatus>
    <programPID>1268
    </programPID>
    
    <strategy name="MapTimingExtraEffort">
        <strategyData>map  -timing -ol high -xe n ; par  -ol high 
        </strategyData>
        <xdsFile>maptimingextraeffort.xds
        </xdsFile>
        <host name="Endurin">
            <hostData>Windows_NT, Intel64 Family 6 Model 23 Stepping 6, GenuineIntel, 2-processor, -1G RAM
            </hostData>
        </host>
        <runIndex>run1
        </runIndex>
        <status>Done
        </status>
        <logFile>SDLXProcessor_sx.log
        </logFile>
        <timingScore>0
        </timingScore>
        <Luts>1,069 (11%)
	</Luts>
	<SliceRegisters>143 (1%)
	</SliceRegisters>
	<runTime>0h 1m 10s
        </runTime>
    </strategy>
    <strategy name="MapPhysSynthesis">
        <strategyData>map  -timing -ol high -xe n -register_duplication on -logic_opt on ; par  -ol high 
        </strategyData>
        <xdsFile>mapphyssynthesis.xds
        </xdsFile>
        <host name="Endurin">
            <hostData>Windows_NT, Intel64 Family 6 Model 23 Stepping 6, GenuineIntel, 2-processor, -1G RAM
            </hostData>
        </host>
        <runIndex>run2
        </runIndex>
        <status>Done
        </status>
        <logFile>SDLXProcessor_sx.log
        </logFile>
        <timingScore>0
        </timingScore>
        <Luts>1,069 (11%)
	</Luts>
	<SliceRegisters>143 (1%)
	</SliceRegisters>
	<runTime>0h 1m 21s
        </runTime>
    </strategy>
    <strategy name="ParHighEffort1">
        <strategyData>map  -cm area ; par  -ol high 
        </strategyData>
        <xdsFile>parhigheffort1.xds
        </xdsFile>
        <host name="Endurin">
            <hostData>Windows_NT, Intel64 Family 6 Model 23 Stepping 6, GenuineIntel, 2-processor, -1G RAM
            </hostData>
        </host>
        <runIndex>run3
        </runIndex>
        <status>Done
        </status>
        <logFile>SDLXProcessor_sx.log
        </logFile>
        <timingScore>0
        </timingScore>
        <Luts>1,069 (11%)
	</Luts>
	<SliceRegisters>143 (1%)
	</SliceRegisters>
	<runTime>0h 0m 49s
        </runTime>
    </strategy>
    <strategy name="ParHighEffort2">
        <strategyData>map  -cm area -t 2; par  -ol high -t 2
        </strategyData>
        <xdsFile>parhigheffort2.xds
        </xdsFile>
        <host name="Endurin">
            <hostData>Windows_NT, Intel64 Family 6 Model 23 Stepping 6, GenuineIntel, 2-processor, -1G RAM
            </hostData>
        </host>
        <runIndex>run4
        </runIndex>
        <status>Done
        </status>
        <logFile>SDLXProcessor_sx.log
        </logFile>
        <timingScore>0
        </timingScore>
        <Luts>1,069 (11%)
	</Luts>
	<SliceRegisters>143 (1%)
	</SliceRegisters>
	<runTime>0h 1m 0s
        </runTime>
    </strategy>
    <strategy name="MapTiming1">
        <strategyData>map  -timing -ol high ; par  -ol high 
        </strategyData>
        <xdsFile>maptiming1.xds
        </xdsFile>
        <host name="Endurin">
            <hostData>Windows_NT, Intel64 Family 6 Model 23 Stepping 6, GenuineIntel, 2-processor, -1G RAM
            </hostData>
        </host>
        <runIndex>run5
        </runIndex>
        <status>Done
        </status>
        <logFile>SDLXProcessor_sx.log
        </logFile>
        <timingScore>0
        </timingScore>
        <Luts>1,069 (11%)
	</Luts>
	<SliceRegisters>143 (1%)
	</SliceRegisters>
	<runTime>0h 1m 5s
        </runTime>
    </strategy>
    <strategy name="MapTiming2">
        <strategyData>map  -timing -ol high -t 9; par  -ol high -t 9
        </strategyData>
        <xdsFile>maptiming2.xds
        </xdsFile>
        <host name="Endurin">
            <hostData>Windows_NT, Intel64 Family 6 Model 23 Stepping 6, GenuineIntel, 2-processor, -1G RAM
            </hostData>
        </host>
        <runIndex>run6
        </runIndex>
        <status>Done
        </status>
        <logFile>SDLXProcessor_sx.log
        </logFile>
        <timingScore>0
        </timingScore>
        <Luts>1,069 (11%)
	</Luts>
	<SliceRegisters>143 (1%)
	</SliceRegisters>
	<runTime>0h 1m 16s
        </runTime>
    </strategy>
    <strategy name="MapUseIOReg">
        <strategyData>map  -timing -ol high -pr b ; par  -ol high 
        </strategyData>
        <xdsFile>mapuseioreg.xds
        </xdsFile>
        <host name="Endurin">
            <hostData>Windows_NT, Intel64 Family 6 Model 23 Stepping 6, GenuineIntel, 2-processor, -1G RAM
            </hostData>
        </host>
        <runIndex>run7
        </runIndex>
        <status>Timing
        </status>
        <logFile>SDLXProcessor_sx.log
        </logFile>
        <timingScore>0
        </timingScore>
        <Luts>1,069 (11%)
	</Luts>
	<SliceRegisters>143 (1%)
	</SliceRegisters>
	<runTime>0h 0m 59s
        </runTime>
    </strategy>
    <bestStrategy>ParHighEffort1
    </bestStrategy>
    <envVariables>
        <env name="XILINX_DSP"  value="C:\Xilinx\12.1\ISE_DS\ISE"/>
        <env name="XILINX_PLANAHEAD"  value="C:\Xilinx\12.1\ISE_DS\PlanAhead"/>
        <env name="XILINX_EDK"  value="C:\Xilinx\12.1\ISE_DS\EDK"/>
        <env name="PATH"  value="C:\Xilinx\12.1\ISE_DS\ISE\lib\nt64;C:\Xilinx\12.1\ISE_DS\ISE\bin\nt64;C:\Xilinx\12.1\ISE_DS\PlanAhead\bin;C:\Xilinx\12.1\ISE_DS\EDK\bin\nt64;C:\Xilinx\12.1\ISE_DS\EDK\lib\nt64;C:\Xilinx\12.1\ISE_DS\common\bin\nt64;C:\Xilinx\12.1\ISE_DS\common\lib\nt64;C:\WinAVR\bin;C:\WinAVR\utils\bin;C:\Program Files (x86)\MiKTeX 2.8\miktex\bin;C:\Windows\system32;C:\Windows;C:\Windows\System32\Wbem;C:\Windows\System32\WindowsPowerShell\v1.0\;C:\PROGRA~2\Aldec\ACTIVE~1.2SE\BIN;c:\Program Files (x86)\Microsoft SQL Server\100\Tools\Binn\;c:\Program Files\Microsoft SQL Server\100\Tools\Binn\;c:\Program Files\Microsoft SQL Server\100\DTS\Binn\;C:\Program Files (x86)\QuickTime\QTSystem\"/>
        <env name="XILINX"  value="C:\Xilinx\12.1\ISE_DS\ISE"/>
        
    </envVariables>
</smartXplorerReport>